CITY,REP_PERIOD,income,expense,core_income,op_surplus
Cherkasy,2021-01-31,197.93595900999998,125.761398,168.44503901,72.17456100999998
Cherkasy,2021-02-28,450.26595764999996,329.37007904,381.64885065,120.89587860999995
Cherkasy,2021-03-31,681.4631482000001,522.94557223,573.9594012,158.51757597000005
Cherkasy,2021-04-30,940.8900967,727.1654930699999,794.3387036999999,213.72460363000005
Cherkasy,2021-05-31,1205.84533944,921.58597873,1006.33967544,284.2593607100001
Cherkasy,2021-06-30,1501.00027133,1218.26190903,1206.89301933,282.73836230000006
Cherkasy,2021-07-31,1749.79875853,1385.0781206600002,1425.55124553,364.7206378699998
Cherkasy,2021-08-31,1994.2843931399998,1555.1289921599998,1643.1290941399998,439.15540097999997
Cherkasy,2021-09-30,2236.85465607,1749.12328402,1827.7252537,487.7313720500001
Cherkasy,2021-10-31,2548.66952184,1963.1435325,2090.91263547,585.52598934
Cherkasy,2021-11-30,2851.61621444,2176.97429583,2323.1823850700002,674.6419186100002
Cherkasy,2021-12-31,3261.42337287,2614.9865367999996,2557.89796802,646.4368360700005
Cherkasy,2022-01-31,260.5740524,151.07299715,219.1958724,109.50105525000004
Cherkasy,2022-02-28,558.8037915900001,334.43970310000003,475.63040558999995,224.36408849000003
Cherkasy,2022-03-31,784.07980758,575.66023295,659.0486285799999,208.41957462999994
Cherkasy,2022-04-30,1085.61489093,786.39962551,918.9289199300001,299.21526542000004
Cherkasy,2022-05-31,1507.71751849,1014.53375313,1288.81538549,493.18376535999994
Cherkasy,2022-06-30,2016.83742847,1231.85573271,1713.27845547,784.9816957600001
Cherkasy,2022-07-31,2354.4754379700003,1400.74743674,2031.75996669,953.7280012300002
Cherkasy,2022-08-31,2715.50443578,1600.56065689,2373.9805675,1114.9437788900002
Cherkasy,2022-09-30,3078.7747946599998,1850.80329923,2700.20355783,1227.9714954299998
Cherkasy,2022-10-31,3459.48320208,2125.92186129,3044.02721925,1333.56134079
Cherkasy,2022-11-30,3865.00888394,2425.74256307,3411.93369681,1439.26632087
Cherkasy,2022-12-31,4307.78079819,2839.56524311,3814.39394317,1468.2155550799994
Cherkasy,2023-01-31,365.48732481999997,177.93849501,330.14012282,187.54882980999997
Cherkasy,2023-02-28,744.0035997699999,456.79190907,672.71431177,287.21169069999996
Cherkasy,2023-03-31,1059.20255322,757.0655143500001,951.36925322,302.13703886999997
Cherkasy,2023-04-30,1408.82355256,1006.68007196,1264.71932556,402.1434806000001
Cherkasy,2023-05-31,1779.02540906,1387.53129575,1588.10023906,391.4941133099999
Cherkasy,2023-06-30,2179.9682229299997,1798.42752703,1898.20333393,381.5406958999997
Cherkasy,2023-07-31,2534.9884757,2071.41000102,2234.8707877600004,463.57847468
Cherkasy,2023-08-31,2886.4867869699997,2332.7026157,2550.78798503,553.7841712699997
Cherkasy,2023-09-30,3210.3115594899996,2638.46604431,2830.16505655,571.8455151799994
Cherkasy,2023-10-31,3783.57406463,2937.2718781999997,3169.27201169,846.3021864300003
Cherkasy,2023-11-30,4063.23727125,3215.82389179,3412.55912531,847.4133794600002
Cherkasy,2023-12-31,4409.51955087,3692.19012385,3703.8381024200003,717.3294270199999
Cherkasy,2024-01-31,334.74723606,159.77855713,294.90867406,174.96867892999998
Cherkasy,2024-02-29,670.4791843300001,439.20536503,590.1704143300001,231.27381930000007
Cherkasy,2024-03-31,976.4805661900001,755.84746379,851.5850321900001,220.6331024000001
Cherkasy,2024-04-30,1355.81312468,1034.71268865,1182.18671468,321.1004360300001
Cherkasy,2024-05-31,1722.96475486,1330.03593401,1499.3504978600001,392.9288208500002
Cherkasy,2024-06-30,2101.48621776,1677.92727563,1772.90104776,423.5589421299999
Cherkasy,2024-07-31,2482.4127108899997,1931.1222646,2112.87427489,551.2904462899996
Chernivtsi,2021-01-31,164.92113457999997,101.21543548000001,131.63723458,63.70569909999996
Chernivtsi,2021-02-28,367.79210637,289.55993932999996,295.89011837,78.23216704000004
Chernivtsi,2021-03-31,563.35892755,452.89644361,451.29179555,110.46248393999997
Chernivtsi,2021-04-30,767.56123572,637.46681524,614.73863972,130.09442048000005
Chernivtsi,2021-05-31,989.8552409399999,823.10522933,784.5798509399999,166.7500116099999
Chernivtsi,2021-06-30,1264.66702576,1102.9713783,959.83094176,161.69564745999992
Chernivtsi,2021-07-31,1458.1839189099999,1213.3541618800002,1127.7173019099998,244.82975702999966
Chernivtsi,2021-08-31,1660.20718279,1343.71135963,1301.93206279,316.4958231599999
Chernivtsi,2021-09-30,1860.20633719,1517.5646798,1455.69422319,342.6416573900001
Chernivtsi,2021-10-31,2095.61744911,1696.358546,1648.0784571099998,399.2589031100001
Chernivtsi,2021-11-30,2342.00205244,1899.70926755,1844.19665316,442.2927848900001
Chernivtsi,2021-12-31,2711.2307653499997,2384.77798652,2047.9255704,326.4527788299997
Chernivtsi,2022-01-31,200.08731197999998,117.49810388,156.27369398,82.58920809999998
Chernivtsi,2022-02-28,441.48490403000005,375.92676674,353.47366803000006,65.55813729000005
Chernivtsi,2022-03-31,651.43935525,606.4532944700001,519.34690125,44.98606077999989
Chernivtsi,2022-04-30,880.90381296,798.61928671,704.7328889600001,82.28452625
Chernivtsi,2022-05-31,1155.4558563199998,1001.65326692,923.8732823199999,153.80258939999987
Chernivtsi,2022-06-30,1481.6302398999999,1246.5121348700002,1159.8450159,235.1181050299997
Chernivtsi,2022-07-31,1729.3636861700002,1426.56288246,1386.05320146,302.8008037100001
Chernivtsi,2022-08-31,1994.53314205,1610.55148497,1630.8529723999998,383.9816570799999
Chernivtsi,2022-09-30,2276.4848673,1812.78701991,1874.57160365,463.6978473900001
Chernivtsi,2022-10-31,2576.63680581,2059.0904338299997,2134.5746331699997,517.5463719800005
Chernivtsi,2022-11-30,2898.12150612,2280.12649548,2416.7605514800002,617.9950106400001
Chernivtsi,2022-12-31,3247.41041069,2682.69492479,2723.94671805,564.7154858999997
Chernivtsi,2023-01-31,286.55449902,129.96668001999998,248.25192902,156.587819
Chernivtsi,2023-02-28,572.43295953,322.3885793,495.81261953,250.04438022999994
Chernivtsi,2023-03-31,929.57038046,583.62909758,808.81827046,345.94128288
Chernivtsi,2023-04-30,1247.66413379,802.06303484,1086.66545379,445.60109895000005
Chernivtsi,2023-05-31,1633.59864839,1048.99053506,1421.58442839,584.6081133300002
Chernivtsi,2023-06-30,2063.78981058,1419.23664551,1729.72831458,644.55316507
Chernivtsi,2023-07-31,2396.72544344,1626.39272801,2041.20674244,770.3327154300002
Chernivtsi,2023-08-31,2731.0767989299998,1825.0119953399999,2354.24357793,906.0648035899999
Chernivtsi,2023-09-30,3081.59712807,2093.50095159,2653.2940060700003,988.0961764799999
Chernivtsi,2023-10-31,3478.2888205,2344.1668806999996,3000.7233695,1134.1219398000003
Chernivtsi,2023-11-30,3693.87607117,2630.77864716,3172.01581183,1063.09742401
Chernivtsi,2023-12-31,4029.03686849,3093.31626093,3453.0880207799996,935.7206075599997
Chernivtsi,2024-01-31,278.48857856,158.50335919999998,236.39768656,119.98521936000003
Chernivtsi,2024-02-29,581.34117933,415.74405227999995,496.85229333,165.5971270500001
Chernivtsi,2024-03-31,866.1758733300001,678.69919545,736.4785953300001,187.47667788
Chernivtsi,2024-04-30,1199.72204693,932.26397202,1012.7675819299999,267.45807491000005
Chernivtsi,2024-05-31,1537.08091799,1206.17678898,1297.29097099,330.9041290099999
Chernivtsi,2024-06-30,1905.52814036,1564.2330886900002,1553.10242436,341.2950516699998
Chernivtsi,2024-07-31,2228.34251117,1778.10412655,1838.00210917,450.2383846199998
Dnipro,2021-01-31,985.12809522,409.84570732,853.23901622,575.2823879
Dnipro,2021-02-28,2196.47046167,1261.50953189,1895.54735029,934.96092978
Dnipro,2021-03-31,3277.6018443499997,2183.3276164300005,2804.82029897,1094.2742279199992
Dnipro,2021-04-30,4612.13865961,3151.50040202,3876.05720423,1460.6382575900002
Dnipro,2021-05-31,5861.84472507,4119.01933402,4907.69942869,1742.8253910499998
Dnipro,2021-06-30,7269.9028733000005,5257.0279772799995,5896.46658004,2012.874896020001
Dnipro,2021-07-31,8516.42123296,5991.9766985,7005.805156359999,2524.44453446
Dnipro,2021-08-31,9776.67067756,6772.67744189,8107.327465220001,3003.993235669999
Dnipro,2021-09-30,10948.44978887,7844.2286801,9039.821582479999,3104.2211087700007
Dnipro,2021-10-31,12714.33374711,8776.9928565,10226.61329247,3937.340890610001
Dnipro,2021-11-30,14230.750827700002,9775.169913450001,11475.32013722,4455.58091425
Dnipro,2021-12-31,15857.84989259,11534.28046017,12692.01092349,4323.569432419999
Dnipro,2022-01-31,1268.99062127,603.8141481499999,1095.13017827,665.1764731200001
Dnipro,2022-02-28,2799.65784241,1470.4185985499998,2397.87000064,1329.23924386
Dnipro,2022-03-31,3984.5419960500003,2460.72088113,3218.08467271,1523.8211149200001
Dnipro,2022-04-30,5082.12578663,3269.57022657,4141.51000329,1812.55556006
Dnipro,2022-05-31,6410.62084804,4122.18119212,5230.21612217,2288.4396559200004
Dnipro,2022-06-30,7931.83737833,4969.57149776,6393.1311334600005,2962.2658805700003
Dnipro,2022-07-31,9509.03829552,5924.795551689999,7881.359151809999,3584.242743830001
Dnipro,2022-08-31,11153.25623065,6835.63602024,9356.20064858,4317.62021041
Dnipro,2022-09-30,12876.31523167,7820.7625221,10911.753928600001,5055.55270957
Dnipro,2022-10-31,14678.46400614,8875.91641075,12540.42771297,5802.54759539
Dnipro,2022-11-30,16543.16920917,9938.80551376,14246.17160075,6604.363695409998
Dnipro,2022-12-31,18285.12362403,11842.72711274,15853.928168539998,6442.396511289999
Dnipro,2023-01-31,1537.01612939,659.26331596,1408.1140513900002,877.7528134300001
Dnipro,2023-02-28,3329.2021060399998,1759.37278649,2973.35623104,1569.8293195499998
Dnipro,2023-03-31,5116.8940654200005,3071.29963635,4471.35609942,2045.5944290700004
Dnipro,2023-04-30,6757.02141434,4271.39905893,5962.65327809,2485.6223554099997
Dnipro,2023-05-31,8636.51724078,5590.0055950999995,7635.95945683,3046.5116456800006
Dnipro,2023-06-30,10800.520672379998,7147.01713535,9367.993010459999,3653.5035370299984
Dnipro,2023-07-31,12897.807580780001,8316.23624863,11240.536202399999,4581.571332150001
Dnipro,2023-08-31,14764.54869963,9497.91479154,12972.86114925,5266.63390809
Dnipro,2023-09-30,16597.13649313,10961.080453440001,14463.315778,5636.05603969
Dnipro,2023-10-31,18885.864844009997,12398.02034723,16268.614847199999,6487.844496779997
Dnipro,2023-11-30,20140.06846754,14151.06242593,17352.93214199,5989.0060416100005
Dnipro,2023-12-31,21653.82419426,16580.463983730002,18619.17174727,5073.360210529998
Dnipro,2024-01-31,1445.61297348,458.17909254,1310.22601248,987.4338809399999
Dnipro,2024-02-29,3182.73219074,1573.5371101499998,2880.6957858600003,1609.1950805900003
Dnipro,2024-03-31,4532.63740897,2827.0806164699998,4084.7373740900002,1705.5567925000005
Dnipro,2024-04-30,6341.86321026,4326.3088112899995,5663.456153,2015.5543989700009
Dnipro,2024-05-31,8059.647799,5521.0321043,7197.72217708,2538.6156947
Dnipro,2024-06-30,9924.63618058,6905.588465270001,8528.08727651,3019.04771531
Dnipro,2024-07-31,11995.767761520001,7859.42955111,10192.435762950001,4136.338210410001
Ivano-Frankivsk,2021-01-31,197.01060115,131.55889722999999,160.93160115,65.45170392000003
Ivano-Frankivsk,2021-02-28,438.06710848,336.99300938,357.63650048,101.07409910000001
Ivano-Frankivsk,2021-03-31,656.5579437,526.49332371,528.47469928,130.06461998999998
Ivano-Frankivsk,2021-04-30,897.9878409500001,708.9823529,724.06329208,189.00548805000005
Ivano-Frankivsk,2021-05-31,1162.36328395,904.5476996599999,929.09886002,257.8155842900002
Ivano-Frankivsk,2021-06-30,1464.13592326,1160.5879460899998,1119.08349767,303.5479771700002
Ivano-Frankivsk,2021-07-31,1753.0299893400002,1372.71340423,1383.52499175,380.31658511000023
Ivano-Frankivsk,2021-08-31,1992.32793003,1558.91067694,1588.68494176,433.41725309000003
Ivano-Frankivsk,2021-09-30,2226.78695118,1742.8957538400002,1766.24360798,483.89119733999974
Ivano-Frankivsk,2021-10-31,2516.38811185,1981.46645867,1999.36914094,534.9216531799998
Ivano-Frankivsk,2021-11-30,2805.61806468,2203.8597335100003,2218.78897002,601.7583311699996
Ivano-Frankivsk,2021-12-31,3387.7121918899998,2685.4386202600003,2490.84635472,702.2735716299994
Ivano-Frankivsk,2022-01-31,261.13721725,160.61940744999998,210.96371725,100.51780980000001
Ivano-Frankivsk,2022-02-28,561.34565599,456.87257232999997,461.05015599,104.47308365999999
Ivano-Frankivsk,2022-03-31,813.1626231900001,653.7122738099999,662.78838049,159.45034938000015
Ivano-Frankivsk,2022-04-30,1061.75319663,856.85956335,860.0080919300001,204.89363328000002
Ivano-Frankivsk,2022-05-31,1362.49752402,1092.91741905,1097.62149732,269.58010496999987
Ivano-Frankivsk,2022-06-30,1716.18679411,1413.08550575,1349.3472454100001,303.1012883599999
Ivano-Frankivsk,2022-07-31,2014.7455399100002,1645.52367946,1622.12082116,369.2218604500001
Ivano-Frankivsk,2022-08-31,2290.9272456100002,1970.98896297,1874.35671185,319.9382826400001
Ivano-Frankivsk,2022-09-30,2604.43632065,2244.9681011999996,2138.59750896,359.46821945000056
Ivano-Frankivsk,2022-10-31,2922.98817032,2525.77309005,2411.7144514,397.2150802699998
Ivano-Frankivsk,2022-11-30,3235.52367606,2786.91684244,2677.54205991,448.6068336200001
Ivano-Frankivsk,2022-12-31,3604.9104005,3211.0147154499996,2996.92285691,393.89568505000034
Ivano-Frankivsk,2023-01-31,295.34874572,140.88873784999998,250.88104572,154.46000787000003
Ivano-Frankivsk,2023-02-28,619.6567113899999,411.55941675,530.27841139,208.09729463999992
Ivano-Frankivsk,2023-03-31,921.35696713,690.08091187,781.0183591599999,231.27605526000002
Ivano-Frankivsk,2023-04-30,1247.32221753,922.1655913200001,1056.45773356,325.1566262099999
Ivano-Frankivsk,2023-05-31,1604.48695666,1275.42913209,1354.14872723,329.0578245700001
Ivano-Frankivsk,2023-06-30,2034.2519546800002,1691.17586903,1664.7289303399998,343.0760856500001
Ivano-Frankivsk,2023-07-31,2379.0515509899997,2012.5002439099999,1970.5653725299999,366.5513070799998
Ivano-Frankivsk,2023-08-31,2713.2658671599997,2281.8781744499997,2276.0811046999997,431.38769271
Ivano-Frankivsk,2023-09-30,3049.49165282,2582.85222809,2565.81033214,466.63942473
Ivano-Frankivsk,2023-10-31,3505.85681737,2874.50849986,2888.82603252,631.34831751
Ivano-Frankivsk,2023-11-30,3805.0379521,3165.60279704,3134.20656825,639.4351550599999
Ivano-Frankivsk,2023-12-31,4211.79686571,3471.36380612,3479.81350427,740.4330595900001
Ivano-Frankivsk,2024-01-31,337.07237779,289.15604344,287.52437779,47.91633435
Ivano-Frankivsk,2024-02-29,675.34327886,617.21940282,575.98145786,58.12387604000003
Ivano-Frankivsk,2024-03-31,976.47271355,893.8551410399999,822.97709255,82.61757251000006
Ivano-Frankivsk,2024-04-30,1353.15903728,1230.46077925,1137.63906128,122.6982580299998
Ivano-Frankivsk,2024-05-31,1729.07672362,1554.05550555,1452.1940806199998,175.02121807000003
Ivano-Frankivsk,2024-06-30,2146.3187183699997,1938.9225136500002,1736.5905873699999,207.39620471999956
Ivano-Frankivsk,2024-07-31,2554.29943459,2277.70783187,2089.50117147,276.5916027200001
Kharkiv,2021-01-31,1112.1050134000002,641.4177674800001,954.4795544,470.6872459200001
Kharkiv,2021-02-28,2490.0504249699998,1499.2521283400001,2154.03126597,990.7982966299996
Kharkiv,2021-03-31,3719.0907196900002,2461.48575002,3190.20303169,1257.6049696700002
Kharkiv,2021-04-30,5152.84410702,3355.29160188,4433.08439302,1797.5525051399995
Kharkiv,2021-05-31,6587.043990689999,4401.29730121,5614.175897689999,2185.746689479999
Kharkiv,2021-06-30,8137.016524770001,5623.45247247,6708.52376516,2513.5640523
Kharkiv,2021-07-31,9548.71029829,6393.05458897,7988.43218468,3155.65570932
Kharkiv,2021-08-31,10923.29671652,7170.75670482,9211.374894909999,3752.540011700001
Kharkiv,2021-09-30,12221.75412639,8251.99860975,10252.098266779998,3969.7555166399998
Kharkiv,2021-10-31,13831.71027763,9392.76491789,11617.02508202,4438.945359740001
Kharkiv,2021-11-30,15476.055299,10424.26463369,13003.13371294,5051.79066531
Kharkiv,2021-12-31,17138.77721247,11785.4683451,14332.47740095,5353.308867369999
Kharkiv,2022-01-31,1441.9675260899999,837.78587051,1238.4330260899999,604.1816555799999
Kharkiv,2022-02-28,3041.72670535,1833.66952161,2628.78196735,1208.05718374
Kharkiv,2022-03-31,4017.41459195,2859.97985061,3396.8737969500003,1157.43474134
Kharkiv,2022-04-30,5013.81512787,3429.87460782,4185.6782768699995,1583.9405200499996
Kharkiv,2022-05-31,6266.29408095,4146.3966549,5184.53394895,2119.89742605
Kharkiv,2022-06-30,7579.1655567,5041.29934293,6101.1712927,2537.8662137699994
Kharkiv,2022-07-31,8734.05934015,6068.14225884,7152.98536215,2665.917081309999
Kharkiv,2022-08-31,10164.943905279999,7004.13915115,8480.86555828,3160.8047541299993
Kharkiv,2022-09-30,11408.20344897,8317.8174766,9541.362391969998,3090.3859723700007
Kharkiv,2022-10-31,12818.3186982,9667.61772248,10768.762760200001,3150.700975720001
Kharkiv,2022-11-30,14225.75807141,11112.26243986,11990.58488241,3113.4956315500003
Kharkiv,2022-12-31,15813.155050550002,13462.28256232,13380.50199957,2350.872488230001
Kharkiv,2023-01-31,1336.02158017,689.13003199,1198.4609661700001,646.8915481800001
Kharkiv,2023-02-28,2673.6527134000003,1688.2290266799998,2401.2556644,985.4236867200004
Kharkiv,2023-03-31,3966.87466843,2804.4671808499997,3485.9988174299997,1162.4074875800002
Kharkiv,2023-04-30,5382.747245900001,3841.2163932599997,4766.899685900001,1541.5308526400013
Kharkiv,2023-05-31,6873.55481352,5122.364867480001,6087.953977519999,1751.189946039999
Kharkiv,2023-06-30,8515.408797279999,6364.71189857,7315.92056528,2150.696898709999
Kharkiv,2023-07-31,11297.81040081,7409.7250992399995,8646.50349281,3888.0853015700004
Kharkiv,2023-08-31,13255.069263469999,8338.88508762,9916.32863147,4916.1841758499995
Kharkiv,2023-09-30,15270.725482639999,9389.67250543,11021.82293468,5881.052977209998
Kharkiv,2023-10-31,16904.26683948,10434.7087526,12395.42284181,6469.558086879999
Kharkiv,2023-11-30,17896.4741039,11515.82486234,13320.16210368,6380.6492415600005
Kharkiv,2023-12-31,18168.816040259997,13811.540911389999,14488.419411809999,4357.275128869998
Kharkiv,2024-01-31,1390.60605596,649.41076434,1137.53593296,741.19529162
Kharkiv,2024-02-29,2841.84161797,1819.7482867700003,2335.66093797,1022.0933311999995
Kharkiv,2024-03-31,4151.64490545,3122.02769055,3311.2245684500003,1029.6172149
Kharkiv,2024-04-30,6517.50582191,4286.4584286300005,4569.41695091,2231.0473932799996
Kharkiv,2024-05-31,8261.95999693,5411.69411813,5812.92760312,2850.2658788
Kharkiv,2024-06-30,10040.45713083,6756.93512053,6807.80475596,3283.5220103
Kharkiv,2024-07-31,12098.18940851,7869.07495112,8052.99209959,4229.114457389999
Khmelnytskyi,2021-01-31,217.83490332,198.75032386,178.00569131999998,19.084579459999986
Khmelnytskyi,2021-02-28,471.62134233999996,434.0184478,380.28618534,37.602894539999966
Khmelnytskyi,2021-03-31,715.8764832,668.51134974,573.6590032,47.36513346000004
Khmelnytskyi,2021-04-30,975.7661884199999,886.37592407,780.11973542,89.39026434999994
Khmelnytskyi,2021-05-31,1257.626478,1117.42397488,990.428639,140.20250311999985
Khmelnytskyi,2021-06-30,1614.47986704,1477.80145115,1209.32391904,136.67841589
Khmelnytskyi,2021-07-31,1857.15205995,1625.35075082,1417.47324695,231.80130912999994
Khmelnytskyi,2021-08-31,2107.99689107,1776.87985847,1615.34949407,331.1170325999999
Khmelnytskyi,2021-09-30,2403.83658311,2051.1231516000003,1822.52135333,352.71343150999974
Khmelnytskyi,2021-10-31,2743.0089518699997,2291.75661418,2080.59448309,451.2523376899999
Khmelnytskyi,2021-11-30,3079.0803440500003,2551.46127376,2324.4454361599996,527.6190702900003
Khmelnytskyi,2021-12-31,3761.9720187999997,3193.4779658199996,2583.02554956,568.4940529800001
Khmelnytskyi,2022-01-31,269.31987396,241.55088394999999,212.51418696000002,27.76899001000001
Khmelnytskyi,2022-02-28,572.99752668,509.47734701,459.11194568,63.52017966999995
Khmelnytskyi,2022-03-31,848.20948122,734.53554912,677.17309922,113.6739321
Khmelnytskyi,2022-04-30,1141.7264032,931.93761914,913.6131282,209.78878406
Khmelnytskyi,2022-05-31,1503.42165143,1187.73393605,1203.8979394300002,315.6877153800001
Khmelnytskyi,2022-06-30,1928.34606201,1457.0642851599998,1513.20070401,471.28177685000014
Khmelnytskyi,2022-07-31,2270.67368527,1672.5924458900001,1829.40101551,598.0812393799999
Khmelnytskyi,2022-08-31,2635.55862258,1834.40599671,2168.43730663,801.1526258699998
Khmelnytskyi,2022-09-30,3042.89038527,2157.2358260299998,2526.62133432,885.6545592400003
Khmelnytskyi,2022-10-31,3450.25734813,2452.19172662,2884.4923291800005,998.0656215100003
Khmelnytskyi,2022-11-30,3893.7512155100003,2750.06519209,3277.5917639300005,1143.6860234200003
Khmelnytskyi,2022-12-31,4379.82495394,3205.65265718,3710.27022715,1174.1722967600003
Khmelnytskyi,2023-01-31,372.49834111,244.93976825,322.10294111,127.55857286000003
Khmelnytskyi,2023-02-28,792.76533575,545.17817789,691.94484475,247.58715785999993
Khmelnytskyi,2023-03-31,1164.52122529,846.9650012100001,1009.11502529,317.55622408
Khmelnytskyi,2023-04-30,1590.7135561199998,1164.74347154,1383.50254552,425.9700845799998
Khmelnytskyi,2023-05-31,2035.21312818,1521.44633725,1762.47230598,513.7667909300001
Khmelnytskyi,2023-06-30,2565.3853418000003,2015.33842093,2159.85207116,550.0469208700003
Khmelnytskyi,2023-07-31,3006.29166927,2236.21962647,2518.95113606,770.0720428
Khmelnytskyi,2023-08-31,3392.09512589,2516.5348931500002,2854.33584522,875.5602327399997
Khmelnytskyi,2023-09-30,3819.67736725,2970.04652654,3199.78134618,849.63084071
Khmelnytskyi,2023-10-31,4262.96508234,3335.6635020999997,3581.92304427,927.30158024
Khmelnytskyi,2023-11-30,4531.89698653,3746.92676465,3796.29043646,784.9702218799994
Khmelnytskyi,2023-12-31,4879.43012188,4271.06897579,4094.94105571,608.3611460900001
Khmelnytskyi,2024-01-31,350.13492327999995,272.44058888999996,293.87223928,77.69433439
Khmelnytskyi,2024-02-29,720.71916874,594.0668549200001,608.24549974,126.6523138199999
Khmelnytskyi,2024-03-31,1045.30737288,999.22855336,872.21771588,46.078819520000025
Khmelnytskyi,2024-04-30,1440.8971253299999,1322.37186208,1195.38770532,118.52526324999985
Khmelnytskyi,2024-05-31,1896.5994936099999,1685.0341019,1577.0258866,211.56539170999986
Khmelnytskyi,2024-06-30,2349.16144894,2168.24518422,1880.4818139299998,180.91626472000007
Khmelnytskyi,2024-07-31,2735.42706029,2353.50282995,2218.32217962,381.9242303400001
Kremenchuk,2021-01-31,144.52381903999998,133.71364517,122.39640404,10.810173869999971
Kremenchuk,2021-02-28,322.60799476,292.88433846,272.45862291,29.723656300000016
Kremenchuk,2021-03-31,483.30176982,453.92664186,405.03995102000005,29.375127959999986
Kremenchuk,2021-04-30,662.36547143,624.32787829,555.1723654900001,38.03759314000001
Kremenchuk,2021-05-31,855.94714908,805.13039726,707.09341364,50.816751820000036
Kremenchuk,2021-06-30,1069.61561694,1008.93311784,848.5302338500001,60.682499100000086
Kremenchuk,2021-07-31,1244.87003791,1155.45290989,998.03360896,89.41712802000006
Kremenchuk,2021-08-31,1413.31621465,1308.5897290900002,1146.29408629,104.72648555999967
Kremenchuk,2021-09-30,1592.7871932,1480.23685916,1285.5198286900002,112.55033404000005
Kremenchuk,2021-10-31,1798.16959432,1667.531736,1453.60608761,130.63785832000008
Kremenchuk,2021-11-30,2016.3964971199998,1844.4990381599998,1617.68829429,171.89745896
Kremenchuk,2021-12-31,2397.37638195,2200.3555833699997,1780.31471806,197.02079858000025
Kremenchuk,2022-01-31,172.82422243000002,149.9558256,142.62229543,22.868396830000023
Kremenchuk,2022-02-28,394.15875274,325.83171457,333.72037274,68.32703817000004
Kremenchuk,2022-03-31,547.9940612099999,487.46102387,457.19109403999994,60.53303733999991
Kremenchuk,2022-04-30,726.07678546,666.16630846,604.69963622,59.910477000000014
Kremenchuk,2022-05-31,950.44805286,853.67861899,790.5942275900001,96.76943386999994
Kremenchuk,2022-06-30,1214.6446308099999,1055.39931752,992.97769676,159.24531328999979
Kremenchuk,2022-07-31,1421.36500526,1244.17452605,1186.5298683500002,177.19047921000015
Kremenchuk,2022-08-31,1697.92481814,1420.8664716399999,1450.08528407,277.0583465000002
Kremenchuk,2022-09-30,1967.0768758899999,1639.8069087000001,1651.46054918,327.26996718999976
Kremenchuk,2022-10-31,2211.1628986,1853.8268420699999,1868.96307803,357.3360565300002
Kremenchuk,2022-11-30,2447.3893768899998,2048.92210242,2078.21340762,398.46727446999967
Kremenchuk,2022-12-31,2772.5473711199998,2398.54464576,2360.8602541,374.00272535999966
Kremenchuk,2023-01-31,183.09066223000002,156.56609625,158.41556223,26.524565980000034
Kremenchuk,2023-02-28,390.55749404,314.48055375999996,340.80832045,76.07694028000003
Kremenchuk,2023-03-31,642.39650365,539.27814571,562.53088855,103.11835794000001
Kremenchuk,2023-04-30,890.58808749,713.54277411,783.99437174,177.04531338000004
Kremenchuk,2023-05-31,1160.21784831,930.9583158300001,1019.97324067,229.25953247999985
Kremenchuk,2023-06-30,1474.5615883399998,1173.09025566,1268.79094355,301.47133267999993
Kremenchuk,2023-07-31,1775.53666171,1365.61219603,1552.550754,409.92446568000014
Kremenchuk,2023-08-31,2070.6589721200003,1594.32024299,1831.5864570800002,476.3387291300003
Kremenchuk,2023-09-30,2412.20615107,1830.2541463500002,2125.87338453,581.9520047199999
Kremenchuk,2023-10-31,2730.4458795,2043.90523207,2393.59985508,686.54064743
Kremenchuk,2023-11-30,2905.57369715,2230.59429527,2504.1509198,674.9794018799998
Kremenchuk,2023-12-31,3143.9332729400003,2365.60718758,2698.02650606,778.3260853600004
Kremenchuk,2024-01-31,207.53921289000002,162.36240093,180.26056489,45.17681196000001
Kremenchuk,2024-02-29,432.78606358,349.28762844,378.25818358000004,83.49843514000003
Kremenchuk,2024-03-31,638.57394606,534.2761494700001,554.5821562000001,104.29779658999996
Kremenchuk,2024-04-30,872.59529616,716.96315254,755.55673085,155.63214361999997
Kremenchuk,2024-05-31,1136.8517886,959.6724207000001,973.8872141100001,177.17936789999987
Kremenchuk,2024-06-30,1418.4683957,1199.27834793,1179.34366929,219.19004776999986
Kremenchuk,2024-07-31,1671.5179963500002,1380.29724936,1394.8486953600002,291.2207469900002
Kryvyi Rih,2023-01-31,724.62014476,443.39097996,642.94147476,281.22916480000004
Kryvyi Rih,2023-02-28,1481.41039397,1143.08189356,1318.44897797,338.32850041000006
Kryvyi Rih,2023-03-31,2247.62403681,1795.51953873,2000.4429928099999,452.10449807999976
Kryvyi Rih,2023-04-30,3033.6107926100003,2545.28609587,2699.38607132,488.3246967400005
Kryvyi Rih,2023-05-31,3897.83068092,3275.08765146,3454.4445966999997,622.7430294599999
Kryvyi Rih,2023-06-30,4866.0287886999995,4076.68186616,4179.27477565,789.3469225399995
Kryvyi Rih,2023-07-31,5702.958049729999,4720.5659031099995,4934.18501514,982.39214662
Kryvyi Rih,2023-08-31,6621.38206135,5409.58067954,5720.2758242,1211.8013818099998
Kryvyi Rih,2023-09-30,7523.76019646,6159.73594009,6489.72856969,1364.0242563699994
Kryvyi Rih,2023-10-31,8409.75060449,6822.89606481,7257.00299866,1586.85453968
Kryvyi Rih,2023-11-30,9063.22386774,7563.494613399999,7778.66794174,1499.7292543400008
Kryvyi Rih,2023-12-31,9834.89024069,8703.46577814,8461.23283398,1131.4244625499996
Kryvyi Rih,2024-01-31,687.6511350500001,392.77870348000005,600.6446610500001,294.87243157000006
Kryvyi Rih,2024-02-29,1458.4630118399998,1068.80727046,1283.4690334200002,389.6557413799999
Kryvyi Rih,2024-03-31,2169.2764027999997,NA,1880.5018413799999,NA
Kyiv,2021-01-31,4067.98710578,1815.0196323000002,3634.4009057800004,2252.96747348
Kyiv,2021-02-28,9250.69512944,5039.056606319999,8308.72792944,4211.638523120001
Kyiv,2021-03-31,15343.75063372,8439.12672348,13850.250933719999,6904.6239102399995
Kyiv,2021-04-30,20821.737443100003,11788.1400235,18733.9029431,9033.597419600002
Kyiv,2021-05-31,27257.70969406,15045.26374506,24371.67209406,12212.445948999999
Kyiv,2021-06-30,32864.86501655,19914.98614762,28591.87861655,12949.878868930002
Kyiv,2021-07-31,38622.5195525,23042.92775225,33672.6553445,15579.59180025
Kyiv,2021-08-31,44848.13205375,26095.36946961,39376.85011375,18752.76258414
Kyiv,2021-09-30,49527.84279885,30172.04793782,43308.03759585,19355.794861029997
Kyiv,2021-10-31,55461.01309132,33992.08448191,48514.14355632,21468.928609409995
Kyiv,2021-11-30,62775.62340224,38658.821325849996,54794.67412824,24116.802076390006
Kyiv,2021-12-31,70728.84592653999,47896.24570113001,60573.414727300005,22832.60022540998
Kyiv,2022-01-31,5330.37993484,1856.3430152400001,4697.8744348400005,3474.0369195999997
Kyiv,2022-02-28,12158.01877114,5945.01628184,10845.51197114,6213.002489299999
Kyiv,2022-03-31,17327.22945699,11505.83277274,15514.95925699,5821.396684250001
Kyiv,2022-04-30,21365.111688830002,13285.68497331,19053.169688830003,8079.426715520001
Kyiv,2022-05-31,27875.16884761,15966.67935175,24578.74590348,11908.48949586
Kyiv,2022-06-30,32774.39566586,19870.44242577,28736.09562173,12903.953240089999
Kyiv,2022-07-31,38967.946601699994,22657.01463704,34701.10305757,16310.931964659994
Kyiv,2022-08-31,44568.85640428,25341.825386129996,39971.1751109,19227.031018150003
Kyiv,2022-09-30,49373.50926146,28356.45651857,44080.35986808,21017.05274289
Kyiv,2022-10-31,54945.4330321,34315.8782684,49211.85433873,20629.554763699998
Kyiv,2022-11-30,61381.5740442,38735.32446375,55132.514541020006,22646.24958045
Kyiv,2022-12-31,67807.18824594001,48636.91677814,60696.05066228,19170.271467800005
Kyiv,2023-01-31,5513.95504297,1612.94274492,4992.284842970001,3901.01229805
Kyiv,2023-02-28,11539.73689957,4611.17057509,10487.97419957,6928.56632448
Kyiv,2023-03-31,18479.02140899,8880.57783948,16828.16020899,9598.44356951
Kyiv,2023-04-30,24847.340203400003,12581.71626648,22654.8004034,12265.623936920003
Kyiv,2023-05-31,32721.34785762,17203.12977719,29805.46159262,15518.21808043
Kyiv,2023-06-30,39385.84994316001,22271.915787759997,35190.578487160004,17113.93415540001
Kyiv,2023-07-31,46003.3028161,25765.83775321,41387.4501731,20237.465062889998
Kyiv,2023-08-31,53761.576270269994,29028.45295454,48543.221066269994,24733.123315729994
Kyiv,2023-09-30,59430.09878424,33830.9148235,53095.30579724,25599.183960739996
Kyiv,2023-10-31,66011.7252981,38809.39444414,58818.056359099995,27202.330853960004
Kyiv,2023-11-30,73168.68264946001,44778.20973562,65471.055651459996,28390.472913840007
Kyiv,2023-12-31,79758.85216051,54740.66757228,71246.20305972,25018.184588229997
Kyiv,2024-01-31,5903.9873561,1879.7223757000002,5436.1870561000005,4024.2649804000002
Kyiv,2024-02-29,15607.36583918,6432.27787445,14671.50503918,9175.087964729999
Kyiv,2024-03-31,24968.71456439,10910.278304399999,23512.316764389998,14058.436259990001
Kyiv,2024-04-30,31873.39428413,14825.16956533,29844.62158413,17048.224718800004
Kyiv,2024-05-31,40695.50099463,20073.10059042,38099.57159463,20622.40040421
Kyiv,2024-06-30,47996.890674430004,25552.68082854,44166.99297443,22444.209845890004
Kyiv,2024-07-31,56511.11391057,30071.76961414,52084.067363550006,26439.344296429997
Lutsk,2021-01-31,174.03419867,141.28315938,140.93994966999998,32.751039289999994
Lutsk,2021-02-28,381.09317111,319.50432503,309.39042411,61.588846079999996
Lutsk,2021-03-31,580.92487274,499.83554626,468.90063018,81.08932647999995
Lutsk,2021-04-30,802.40331392,687.36725426,642.83864792,115.03605965999998
Lutsk,2021-05-31,1027.14868126,854.48068512,810.8859724600001,172.66799614000013
Lutsk,2021-06-30,1306.88115218,1134.1004648500002,983.60538538,172.78068732999986
Lutsk,2021-07-31,1506.9595423199999,1248.05632343,1159.44166952,258.90321888999983
Lutsk,2021-08-31,1713.05116929,1387.9583965699999,1328.8354554500002,325.0927727200001
Lutsk,2021-09-30,1937.26751341,1574.73800153,1482.18311992,362.52951188
Lutsk,2021-10-31,2190.39095902,1757.7821359000002,1684.42378703,432.6088231199999
Lutsk,2021-11-30,2440.5902781100003,1946.11815545,1873.9118487,494.4721226600004
Lutsk,2021-12-31,2841.88529975,2341.41163148,2083.15081325,500.47366826999996
Lutsk,2022-01-31,214.7210485,160.90035916,167.3580625,53.82068934
Lutsk,2022-02-28,476.81984645999995,361.55736992000004,381.99668846,115.26247653999991
Lutsk,2022-03-31,686.4766175599999,557.3916088299999,543.26767791,129.08500873000003
Lutsk,2022-04-30,906.4744796,713.11033397,712.5447504199999,193.36414562999994
Lutsk,2022-05-31,1165.25389103,870.0189146700001,910.6173608500001,295.2349763599999
Lutsk,2022-06-30,1476.98939133,1101.3790506500002,1124.6567671500002,375.6103406799998
Lutsk,2022-07-31,1715.59262677,1266.62942531,1342.3117355699999,448.96320145999994
Lutsk,2022-08-31,1946.8964686000002,1392.02927784,1552.60665144,554.8671907600001
Lutsk,2022-09-30,2194.33765069,1569.4286123299999,1758.33029921,624.9090383600001
Lutsk,2022-10-31,2465.9898081300003,1780.91725274,1988.61759617,685.0725553900002
Lutsk,2022-11-30,2733.92798746,1983.1677641499998,2213.60151627,750.7602233100004
Lutsk,2022-12-31,3072.95896558,2417.6288169299996,2505.2419800899997,655.3301486500004
Lutsk,2023-01-31,267.24340867,139.47812693,225.30033167,127.76528174
Lutsk,2023-02-28,579.1960724300001,361.40913391000004,495.30001543000003,217.78693852000004
Lutsk,2023-03-31,839.29901751,617.8111581899999,713.50363114,221.4878593200001
Lutsk,2023-04-30,1103.38310223,823.01142346,935.81129049,280.37167877000013
Lutsk,2023-05-31,1411.63271427,1066.46682896,1183.8090366,345.16588531
Lutsk,2023-06-30,1829.28171069,1421.60059127,1493.92420027,407.68111941999996
Lutsk,2023-07-31,2113.79652424,1576.0238465999998,1742.3466908199998,537.7726776400002
Lutsk,2023-08-31,2384.00501517,1774.92620953,1991.96740275,609.0788056400002
Lutsk,2023-09-30,2661.76709664,2036.37116295,2224.7198294299997,625.39593369
Lutsk,2023-10-31,2976.62640439,2260.29349783,2497.2713959000002,716.3329065600001
Lutsk,2023-11-30,3245.0468664299997,2532.27898207,2718.11614994,712.7678843599997
Lutsk,2023-12-31,3563.8280382400003,3044.9681847,2993.81185934,518.8598535400001
Lutsk,2024-01-31,283.72084971,154.03034785999998,237.75234971,129.69050185
Lutsk,2024-02-29,583.2836303099999,409.24274713,491.19415557,174.04088317999992
Lutsk,2024-03-31,856.9100928400001,669.79023984,715.2288890699999,187.11985300000003
Lutsk,2024-04-30,1193.15184376,916.18208699,995.64780834,276.96975677
Lutsk,2024-05-31,1528.6132565,1162.40596926,1274.74780974,366.20728724000014
Lutsk,2024-06-30,1931.89993849,1523.427866,1545.32638585,408.4720724900001
Lutsk,2024-07-31,2278.0880586900003,1718.97479853,1822.21597179,559.1132601600002
Lviv,2021-01-31,690.2145096,408.72106799,598.8732096,281.49344161000005
Lviv,2021-02-28,1603.87738341,1017.9025716900001,1397.18394141,585.9748117199999
Lviv,2021-03-31,2337.6323467599996,1665.92262699,2015.08898876,671.7097197699995
Lviv,2021-04-30,3213.6645591399997,2367.76035737,2777.38601014,845.9042017699999
Lviv,2021-05-31,4096.65705858,2929.92553352,3509.24990104,1166.73152506
Lviv,2021-06-30,5091.47592821,3840.0224728499998,4212.88596851,1251.4534553600006
Lviv,2021-07-31,5970.36131099,4475.36352642,5039.23532069,1494.9977845699996
Lviv,2021-08-31,6883.0952014,4899.52128234,5887.51532554,1983.5739190600007
Lviv,2021-09-30,7678.55213269,5495.41808139,6529.59190245,2183.1340512999996
Lviv,2021-10-31,8701.723013789999,6251.2155171800005,7417.50079479,2450.5074966099983
Lviv,2021-11-30,9745.02528599,6941.84610073,8300.243675489999,2803.179185259999
Lviv,2021-12-31,11205.62675059,8655.90926541,9191.99405565,2549.717485179999
Lviv,2022-01-31,899.91648748,400.13231124000004,768.69246748,499.78417623999997
Lviv,2022-02-28,2019.66731554,1192.6257400299999,1756.83026554,827.04157551
Lviv,2022-03-31,2872.64843924,1926.11127107,2478.08348252,946.5371681699999
Lviv,2022-04-30,3893.17558565,2565.86009748,3366.93992562,1327.3154881699998
Lviv,2022-05-31,5073.72314704,3149.2084031599998,4380.524198939999,1924.5147438800004
Lviv,2022-06-30,6308.36085379,3904.91954425,5344.477638810001,2403.44130954
Lviv,2022-07-31,7522.78842819,4565.6485944099995,6460.20768619,2957.13983378
Lviv,2022-08-31,8653.586344059999,5148.94707563,7512.21400266,3504.639268429999
Lviv,2022-09-30,9714.92305996,5852.23374083,8461.97711238,3862.6893191299996
Lviv,2022-10-31,11025.71134008,6685.60777454,9647.49685607,4340.103565540001
Lviv,2022-11-30,12259.523371890002,7544.917517440001,10753.49898602,4714.605854450001
Lviv,2022-12-31,13623.352628319999,9275.63688367,11991.07634134,4347.715744649999
Lviv,2023-01-31,1202.9044254299997,513.76393293,1090.54402543,689.1404924999997
Lviv,2023-02-28,2439.4064527600003,1428.8889198299998,2208.9303997600005,1010.5175329300005
Lviv,2023-03-31,3580.8536558600003,2445.8310280100004,3221.11862393,1135.02262785
Lviv,2023-04-30,4870.77146952,3335.02062721,4389.76291528,1535.7508423100003
Lviv,2023-05-31,6207.43227887,4273.95672961,5573.36130678,1933.4755492599998
Lviv,2023-06-30,7651.63233033,5459.16798017,6711.74739735,2192.4643501599994
Lviv,2023-07-31,9045.70710276,6364.60112429,8032.098600939999,2681.105978469999
Lviv,2023-08-31,10312.20485393,7167.421371980001,9237.70539035,3144.7834819499985
Lviv,2023-09-30,11536.39294918,8050.05925567,10264.50970368,3486.3336935100006
Lviv,2023-10-31,13053.45086884,9123.205931100001,11590.55016359,3930.244937739999
Lviv,2023-11-30,14193.91324056,10238.9102711,12606.1800309,3955.00296946
Lviv,2023-12-31,15519.853006959998,12199.67477894,13759.821737690001,3320.1782280199986
Lviv,2024-01-31,1289.84765822,491.65507567,1163.41377053,798.1925825500001
Lviv,2024-02-29,2673.36988868,1433.7268256700002,2418.7939736900003,1239.6430630099997
Lviv,2024-03-31,3770.9579959099997,2401.05283361,3379.6895909200002,1369.9051622999996
Lviv,2024-04-30,5368.56211816,3314.8813959500003,4804.92183108,2053.6807222099997
Lviv,2024-05-31,6830.65916879,4301.50840429,6103.19980967,2529.1507645
Lviv,2024-06-30,8268.30855835,5634.25155367,7179.51634141,2634.0570046799994
Lviv,2024-07-31,9836.21811474,6572.114802259999,8628.26511412,3264.1033124800015
Mukachevo,2021-01-31,69.46171712,46.301995579999996,52.999617119999996,23.159721540000007
Mukachevo,2021-02-28,155.59271851,120.22318584,120.05441851,35.36953267
Mukachevo,2021-03-31,242.77102468,199.47936306,187.40172468,43.29166162000001
Mukachevo,2021-04-30,327.75051962,279.75340292000004,252.23741962,47.997116699999935
Mukachevo,2021-05-31,424.99014754,364.59732916,323.84404754,60.392818379999994
Mukachevo,2021-06-30,550.17828912,484.12122869,400.07368912,66.05706043000004
Mukachevo,2021-07-31,636.25537218,558.17465705,475.82067218000003,78.08071513000004
Mukachevo,2021-08-31,729.24944349,633.46609453,553.04773349,95.78334896000001
Mukachevo,2021-09-30,823.69733823,712.9685236,621.6990282300001,110.72881462999999
Mukachevo,2021-10-31,931.1728703199999,794.5406611000001,706.3830603199999,136.63220921999982
Mukachevo,2021-11-30,1041.40866549,876.81257718,787.4542090799999,164.59608831000003
Mukachevo,2021-12-31,1164.91280548,1048.54264282,879.79147048,116.37016266
Mukachevo,2022-01-31,84.57347517,53.233053840000004,61.82707517,31.34042132999999
Mukachevo,2022-02-28,188.2025649,125.45159653,142.6024649,62.750968369999995
Mukachevo,2022-03-31,294.22709258,215.14313963,225.77329258,79.08395294999997
Mukachevo,2022-04-30,454.50394722,315.99352183999997,363.19644722,138.51042538000002
Mukachevo,2022-05-31,647.23385442,421.41954174,527.20335442,225.81431267999994
Mukachevo,2022-06-30,885.11740436,549.03824259,718.34830436,336.07916177000004
Mukachevo,2022-07-31,1072.15934104,642.3993265700001,895.68494104,429.76001447
Mukachevo,2022-08-31,1259.79755052,739.9143266,1073.32335052,519.88322392
Mukachevo,2022-09-30,1465.17029527,869.41590023,1259.14009527,595.75439504
Mukachevo,2022-10-31,1670.75169104,981.8214670799999,1444.92749104,688.93022396
Mukachevo,2022-11-30,1865.6537474900001,1100.7275393099999,1619.78824749,764.9262081800002
Mukachevo,2022-12-31,2096.79812916,1338.13246177,1829.15152916,758.66566739
Mukachevo,2023-01-31,220.1400439,83.14994956,201.1642439,136.99009433999998
Mukachevo,2023-02-28,398.53938091000003,225.93582268,360.29358091,172.60355823000003
Mukachevo,2023-03-31,633.7190161599999,361.02298343,572.9879161599999,272.6960327299999
Mukachevo,2023-04-30,870.84981804,521.7191143,789.83921804,349.13070373999994
Mukachevo,2023-05-31,1130.92518572,725.35081711,1024.2795857200001,405.57436860999996
Mukachevo,2023-06-30,1401.66294117,955.04618878,1245.14374117,446.6167523900001
Mukachevo,2023-07-31,1697.41784051,1189.48765749,1525.85594167,507.93018301999996
Mukachevo,2023-08-31,1957.27437381,1366.1100918099999,1771.93737497,591.1642820000002
Mukachevo,2023-09-30,2220.4089467599997,1579.56558918,2014.18934792,640.8433575799997
Mukachevo,2023-10-31,2480.1424619,1836.00582575,2250.75783969,644.13663615
Mukachevo,2023-11-30,2470.41612502,2014.87584546,2220.14980281,455.54027956000004
Mukachevo,2023-12-31,2678.21230186,2256.59995769,2326.4597676900003,421.61234417000014
Mukachevo,2024-01-31,109.2567763,61.26336454,88.0383763,47.99341176
Mukachevo,2024-02-29,228.75028140999999,202.71506838,186.31548141,26.035213029999994
Mukachevo,2024-03-31,346.08503602999997,313.36331624,281.06583602999996,32.72171978999995
Mukachevo,2024-04-30,473.11948992000003,438.8949985,378.54948992000004,34.22449142000005
Mukachevo,2024-05-31,599.45607702,562.72538025,479.26577702,36.73069677000001
Mukachevo,2024-06-30,748.80198452,715.3971714500001,573.01618452,33.40481306999993
Mukachevo,2024-07-31,860.2888337100001,817.69344888,671.63623061,42.59538483000006
Mykolaiv,2021-01-31,308.04579988,194.34699714,256.72598388,113.69880273999999
Mykolaiv,2021-02-28,675.60479234,481.78231455,563.29827134,193.82247779
Mykolaiv,2021-03-31,1027.8290548300001,779.77662273,853.1102029399999,248.05243210000015
Mykolaiv,2021-04-30,1398.68190318,1065.33557042,1159.32216929,333.34633276
Mykolaiv,2021-05-31,1776.51382206,1370.7648405,1455.47007017,405.74898155999995
Mykolaiv,2021-06-30,2238.92326976,1782.9692147599999,1756.86138787,455.95405500000015
Mykolaiv,2021-07-31,2586.9085971100003,2012.23994337,2070.02705222,574.6686537400003
Mykolaiv,2021-08-31,2927.0101654,2239.18250194,2367.98410251,687.8276634600002
Mykolaiv,2021-09-30,3297.6378382199996,2548.91927677,2650.38366892,748.7185614499995
Mykolaiv,2021-10-31,3749.6604062999995,2843.4949804899998,3023.69370916,906.1654258099998
Mykolaiv,2021-11-30,4196.1763804600005,3185.00161525,3355.25399,1011.1747652100003
Mykolaiv,2021-12-31,5096.47510954,4144.53039402,3720.61921863,951.9447155199996
Mykolaiv,2022-01-31,374.01179414,237.80927606999998,305.08396014,136.20251807000002
Mykolaiv,2022-02-28,809.8189462900001,566.08607232,671.0017222900001,243.73287397000013
Mykolaiv,2022-03-31,1156.7664789300002,858.5707283400001,948.8539919299999,298.1957505900001
Mykolaiv,2022-04-30,1508.4336211500001,1003.84790688,1231.14099215,504.58571427000015
Mykolaiv,2022-05-31,1999.61046876,1287.02074225,1635.96558776,712.58972651
Mykolaiv,2022-06-30,2609.3441240399998,1567.52721463,2105.90855704,1041.8169094099999
Mykolaiv,2022-07-31,3068.0372626599997,1800.1714125199999,2534.35065598,1267.8658501399998
Mykolaiv,2022-08-31,3570.27625776,2149.2199117,3006.26118695,1421.0563460600001
Mykolaiv,2022-09-30,4114.3615041,2494.9666582199998,3490.5826458599995,1619.3948458800005
Mykolaiv,2022-10-31,4599.58030839,2806.96883647,3915.94493439,1792.61147192
Mykolaiv,2022-11-30,5122.20653133,3114.2661755500003,4378.09194148,2007.9403557799997
Mykolaiv,2022-12-31,5740.699698230001,3663.4147794699998,4931.881703980001,2077.284918760001
Mykolaiv,2023-01-31,416.48520914,184.90255915,360.22684613999996,231.58264999
Mykolaiv,2023-02-28,903.45719732,456.72448035,789.09009032,446.73271696999996
Mykolaiv,2023-03-31,1385.67984398,777.3612093400001,1213.5610965399999,608.3186346399999
Mykolaiv,2023-04-30,1850.96932045,1036.30865846,1621.67518201,814.6606619899999
Mykolaiv,2023-05-31,2421.06958878,1377.0560358,2119.29569134,1044.0135529799998
Mykolaiv,2023-06-30,3130.7811357699998,1855.79441607,2682.6761428600003,1274.9867196999999
Mykolaiv,2023-07-31,3617.27378423,2105.8781896299997,3141.2507673200003,1511.3955946
Mykolaiv,2023-08-31,4122.65143452,2436.8693448,3607.01024861,1685.7820897200004
Mykolaiv,2023-09-30,4845.6924574899995,2895.15138096,4122.55409114,1950.5410765299994
Mykolaiv,2023-10-31,5496.87450492,3285.14935543,4614.2130231,2211.7251494899997
Mykolaiv,2023-11-30,5608.30582591,3757.40132759,4713.93708243,1850.9044983199997
Mykolaiv,2023-12-31,6123.6787935,4580.91589992,5051.2559055500005,1542.7628935800003
Mykolaiv,2024-01-31,439.51473338,240.23718413,311.15479638,199.27754925
Mykolaiv,2024-02-29,898.17545218,556.51279645,640.1202152,341.66265573
Mykolaiv,2024-03-31,1309.11974671,877.41638101,916.88381883,431.70336570000006
Mykolaiv,2024-04-30,1847.07488596,1201.50878898,1261.56663261,645.5660969800001
Mykolaiv,2024-05-31,2423.08549107,1553.1538491,1603.3451549400002,869.9316419700001
Mykolaiv,2024-06-30,3104.40332304,2009.0393890799999,1937.70419145,1095.3639339600002
Mykolaiv,2024-07-31,3636.80265351,2276.2379686500003,2308.4892475,1360.5646848599995
Odesa,2021-01-31,754.2624056000001,487.20953851,639.8001826,267.05286709000006
Odesa,2021-02-28,1673.6458555899999,1140.93765607,1419.7564535899999,532.7081995199999
Odesa,2021-03-31,2534.29095198,1831.5198048599998,2138.29880298,702.7711471200003
Odesa,2021-04-30,3526.7372055499995,2570.94095215,2974.58089455,955.7962533999994
Odesa,2021-05-31,4500.1468166,3296.2902485,3737.67123052,1203.8565681000005
Odesa,2021-06-30,5598.23045167,4278.76699619,4494.06115192,1319.4634554799995
Odesa,2021-07-31,6560.52595804,4754.32028834,5368.99400514,1806.2056696999998
Odesa,2021-08-31,7477.88634083,5263.95114057,6177.19081993,2213.935200260001
Odesa,2021-09-30,8366.499744,5919.3068325799995,6896.73306356,2447.192911420001
Odesa,2021-10-31,9500.155818800002,6720.74451504,7872.59350048,2779.411303760002
Odesa,2021-11-30,10612.29863311,7468.925910100001,8795.45007639,3143.3727230099994
Odesa,2021-12-31,11848.842220060002,8587.548851130001,9751.5913947,3261.2933689300007
Odesa,2022-01-31,962.90720244,538.77681229,801.2706141,424.13039015000004
Odesa,2022-02-28,2073.7894727000003,1326.4576744400001,1750.19545728,747.3317982600001
Odesa,2022-03-31,2871.70818278,2152.6393975700003,2380.40631694,719.0687852099995
Odesa,2022-04-30,3867.57361765,3052.98564704,3213.8842619499997,814.58797061
Odesa,2022-05-31,4984.470908050001,3712.1183644899997,4128.76514185,1272.3525435600009
Odesa,2022-06-30,6102.21966619,4277.60729147,4922.91861507,1824.61237472
Odesa,2022-07-31,7099.95968295,4827.001929270001,5846.8312592,2272.957753679999
Odesa,2022-08-31,8031.76686205,5266.3778144,6704.16126576,2765.38904765
Odesa,2022-09-30,8970.43136799,5837.21835421,7502.16233184,3133.2130137800004
Odesa,2022-10-31,10010.86124721,6488.72705521,8399.52665356,3522.1341919999995
Odesa,2022-11-30,11046.79272121,7203.52000884,9293.15856656,3843.2727123700006
Odesa,2022-12-31,12325.6797541,8521.26954143,10425.23050484,3804.41021267
Odesa,2023-01-31,972.3048204099999,543.04523226,839.07685141,429.2595881499999
Odesa,2023-02-28,1987.66087312,1143.33807385,1716.23869385,844.3227992699999
Odesa,2023-03-31,3009.29499293,1956.6545662300002,2601.62544938,1052.6404266999996
Odesa,2023-04-30,4117.52840606,2682.5705095499998,3572.94444742,1434.95789651
Odesa,2023-05-31,5337.12971103,3414.72065969,4621.09879291,1922.4090513400001
Odesa,2023-06-30,6677.58387295,4347.53710341,5601.9807344499995,2330.0467695400002
Odesa,2023-07-31,8381.7068217,4829.912153159999,6664.153039690001,3551.79466854
Odesa,2023-08-31,9501.82445385,5520.864753729999,7546.73214846,3980.959700120001
Odesa,2023-09-30,10557.738049860001,6173.04062851,8439.93379151,4384.697421350002
Odesa,2023-10-31,11826.43703288,7055.638177430001,9513.343078639999,4770.798855449999
Odesa,2023-11-30,12728.218845110001,7740.97110893,10274.629497130001,4987.247736180001
Odesa,2023-12-31,13668.73443314,9100.54494507,11254.714740149999,4568.18948807
Odesa,2024-01-31,1036.21358612,660.4083413300001,892.13951512,375.80524478999985
Odesa,2024-02-29,2142.72294228,1470.57936456,1833.79693897,672.1435777200002
Odesa,2024-03-31,3098.87742534,2247.94351821,2634.03643876,850.9339071300001
Odesa,2024-04-30,4503.169632689999,3139.86972402,3643.08540508,1363.2999086699992
Odesa,2024-05-31,5708.47956354,3981.3544015,4673.91724072,1727.1251620399994
Odesa,2024-06-30,6967.00100894,4967.41405696,5554.67376712,1999.5869519799999
Odesa,2024-07-31,8297.3059736,5591.414560820001,6653.63108546,2705.891412779999
Poltava,2023-01-31,343.72679324,204.13193353,302.16310024,139.59485971
Poltava,2023-02-28,713.4956415600001,471.45476374000003,629.7400529700001,242.04087782000005
Poltava,2023-03-31,1086.29733654,794.88672677,948.80431772,291.41060977000006
Poltava,2023-04-30,1487.9898478799998,1114.9729412000002,1304.57971207,373.0169066799997
Poltava,2023-05-31,1903.78349894,1443.37499131,1662.69699211,460.40850763000003
Poltava,2023-06-30,2380.7603576700003,1814.5932298,2021.8993929100002,566.1671278700003
Poltava,2023-07-31,2781.27569787,2052.99428932,2397.33142933,728.2814085499999
Poltava,2023-08-31,3162.20095292,2302.5289298499997,2751.6662224,859.6720230700003
Poltava,2023-09-30,3593.43655051,2612.3131467,3117.66162548,981.1234038100001
Poltava,2023-10-31,4052.6332633800002,3042.46766927,3505.5419681999997,1010.1655941100003
Poltava,2023-11-30,4403.02243104,3425.71408834,3805.03650458,977.3083426999997
Poltava,2023-12-31,4822.44801224,4110.72877554,4182.659805589999,711.7192366999998
Poltava,2024-01-31,396.7844177,186.69685115000001,350.1060327,210.08756655
Poltava,2024-02-29,802.13657903,464.80434863,708.04602703,337.3322304
Poltava,2024-03-31,1167.6130809200001,838.62317699,1023.21877982,328.9899039300001
Poltava,2024-04-30,1681.7481573900002,1186.16319716,1415.46477359,495.5849602300002
Poltava,2024-05-31,2158.8346517600003,1548.11269673,1814.99358303,610.7219550300003
Poltava,2024-06-30,2669.26736102,1978.6130626400002,2171.3852422600003,690.6542983799998
Poltava,2024-07-31,3161.3725045799997,2228.5843774,2569.75717798,932.7881271799997
Ternopil,2021-01-31,166.40229730000001,115.79805237000001,134.0756973,50.60424493000001
Ternopil,2021-02-28,367.40215845999995,273.67719026,295.21270413,93.72496819999998
Ternopil,2021-03-31,576.42733664,439.89416605,461.71745009999995,136.53317059
Ternopil,2021-04-30,790.16841239,613.6445825,632.5919860800001,176.52382989
Ternopil,2021-05-31,1014.08535783,792.28163088,804.23465901,221.80372695000005
Ternopil,2021-06-30,1401.16858577,1050.1031723400001,984.89416817,351.0654134299998
Ternopil,2021-07-31,1655.04224961,1345.902284,1170.15387049,309.13996561
Ternopil,2021-08-31,1929.2169938,1517.6221316400001,1353.3483412,411.5948621599998
Ternopil,2021-09-30,2444.61454539,1935.1165890799998,1519.43287924,509.49795631000006
Ternopil,2021-10-31,3007.76266415,2189.55349213,1735.7921793899998,818.2091720200001
Ternopil,2021-11-30,3326.03178199,2495.14603841,1941.7361487599999,830.88574358
Ternopil,2021-12-31,3641.7382464300003,2944.3824154500003,2153.13590586,697.3558309800001
Ternopil,2022-01-31,208.05651801999997,136.93072537999998,163.37794001999998,71.12579263999999
Ternopil,2022-02-28,462.23061475,369.55703399000004,372.20475556,92.67358075999994
Ternopil,2022-03-31,660.8986382999999,543.11737604,525.54008683,117.78126225999995
Ternopil,2022-04-30,891.18015716,705.0096602,709.38856677,186.17049696000004
Ternopil,2022-05-31,1156.48397233,894.67155439,917.95864083,261.81241793999993
Ternopil,2022-06-30,1467.06697027,1149.93249529,1135.8822727699999,317.13447498000005
Ternopil,2022-07-31,1705.98464284,1352.82980047,1351.63317977,353.1548423700001
Ternopil,2022-08-31,1949.09629397,1515.86487666,1573.68168768,433.2314173100001
Ternopil,2022-09-30,2218.9086620300004,1747.39639224,1804.34529702,471.51226979000035
Ternopil,2022-10-31,2511.84688127,1981.29596821,2049.16613422,530.5509130599999
Ternopil,2022-11-30,2788.51333062,2230.64475428,2286.19386281,557.8685763399999
Ternopil,2022-12-31,3122.38720326,2734.84768314,2576.20225806,387.53952012000036
Ternopil,2023-01-31,265.98792906,134.67125347,226.76760721,131.31667559
Ternopil,2023-02-28,605.20501414,390.78582938,526.38197369,214.41918476
Ternopil,2023-03-31,884.1115678,635.32386398,760.9634664499999,248.78770381999993
Ternopil,2023-04-30,1195.27151815,881.55792779,1028.63966808,313.71359036
Ternopil,2023-05-31,1536.13480746,1160.7110098599999,1295.9253656600001,375.42379760000017
Ternopil,2023-06-30,1920.28992143,1522.1924905899998,1576.34370115,398.09743084000024
Ternopil,2023-07-31,2239.42671738,1715.264054,1865.57946799,524.1626633799999
Ternopil,2023-08-31,2530.37892275,1932.80953973,2134.9956120700003,597.56938302
Ternopil,2023-09-30,2827.96466169,2173.72823871,2382.76281574,654.23642298
Ternopil,2023-10-31,3167.1739172,2398.6214158800003,2675.66598283,768.5525013199995
Ternopil,2023-11-30,3385.7061616700003,2711.82363182,2849.5637574099997,673.8825298500001
Ternopil,2023-12-31,3669.0600949100003,3174.3183528399995,3091.89263074,494.7417420700008
Ternopil,2024-01-31,271.9553577,145.15061477,229.1363232,126.80474292999997
Ternopil,2024-02-29,552.90896029,418.31804448,467.11439865999995,134.59091580999996
Ternopil,2024-03-31,799.16951717,681.55161527,665.90854694,117.61790189999999
Ternopil,2024-04-30,1123.30500046,932.1951745299999,931.26497291,191.10982593000006
Ternopil,2024-05-31,1439.67730625,1198.0373133399999,1193.9598976599998,241.63999291000005
Ternopil,2024-06-30,1799.7680631800001,1545.3825888600002,1440.4338415999998,254.38547431999996
Ternopil,2024-07-31,2133.98293249,1751.9389839100002,1730.5965798299999,382.04394858
Uzhhorod,2021-01-31,101.23699223,79.22928234,83.46689223,22.00770989
Uzhhorod,2021-02-28,220.99278160999998,173.92271096000002,182.63268161,47.07007064999996
Uzhhorod,2021-03-31,337.00475782999996,273.41253518,277.24035783,63.59222264999994
Uzhhorod,2021-04-30,464.31227027,373.82152659999997,382.84707026999996,90.49074367000003
Uzhhorod,2021-05-31,595.9212973100001,469.49093356000003,485.70119731,126.43036375000008
Uzhhorod,2021-06-30,757.59076712,612.1931110099999,593.37646712,145.39765611000007
Uzhhorod,2021-07-31,891.7837800699999,694.31574808,708.7829800699999,197.46803198999987
Uzhhorod,2021-08-31,1019.5602594,790.4436775199999,818.1464694,229.11658188
Uzhhorod,2021-09-30,1143.43066171,897.30314003,916.75218371,246.1275216800001
Uzhhorod,2021-10-31,1291.36073501,1009.8557907700001,1040.7427570099999,281.50494424
Uzhhorod,2021-11-30,1455.0563720599998,1123.29955625,1170.2346112999999,331.7568158099998
Uzhhorod,2021-12-31,1662.76316351,1333.35689621,1309.94343932,329.40626729999985
Uzhhorod,2022-01-31,131.10971525,90.64306267,107.66691525,40.46665257999999
Uzhhorod,2022-02-28,287.22657986,200.71697068,240.28887985999998,86.50960918000001
Uzhhorod,2022-03-31,417.71236045,312.52303409999996,347.27986045,105.18932635000004
Uzhhorod,2022-04-30,563.6596554199999,424.15676904,469.73225542,139.50288637999995
Uzhhorod,2022-05-31,737.98697117,528.51753939,614.49447117,209.46943177999992
Uzhhorod,2022-06-30,942.68501595,674.5575040499999,770.9841159499999,268.12751190000006
Uzhhorod,2022-07-31,1095.6245924500001,797.02518918,910.92385945,298.59940327000015
Uzhhorod,2022-08-31,1252.42452474,900.97056368,1055.44115674,351.45396105999987
Uzhhorod,2022-09-30,1423.72523038,1037.66840577,1206.6657623800002,386.05682461000015
Uzhhorod,2022-10-31,1603.09247,1169.4189139500002,1364.566345,433.6735560499999
Uzhhorod,2022-11-30,1790.36312173,1325.33575586,1530.76572573,465.02736587000004
Uzhhorod,2022-12-31,2012.2525479600001,1562.8710764300001,1729.87037437,449.38147153
Uzhhorod,2023-01-31,160.77047159,99.98513906999999,140.40167159,60.78533252000001
Uzhhorod,2023-02-28,332.78039551,228.73033253,291.69299551,104.05006298
Uzhhorod,2023-03-31,508.36441878,384.9991127,438.72651878,123.36530607999998
Uzhhorod,2023-04-30,695.56796561,536.1052264900001,602.52566561,159.46273911999992
Uzhhorod,2023-05-31,895.6706090900001,708.2518627100001,773.94120909,187.41874638000002
Uzhhorod,2023-06-30,1111.66696944,910.07739782,934.11117244,201.58957162000002
Uzhhorod,2023-07-31,1301.9653488699998,1033.89791249,1090.31458862,268.0674363799999
Uzhhorod,2023-08-31,1479.69733312,1168.35355693,1245.68727604,311.34377618999997
Uzhhorod,2023-09-30,1655.89832849,1323.9443278899998,1391.76112543,331.9540006000002
Uzhhorod,2023-10-31,1856.02979166,1492.8049203599999,1562.01264884,363.22487130000013
Uzhhorod,2023-11-30,2003.64761959,1679.91850876,1685.68500377,323.7291108300001
Uzhhorod,2023-12-31,2193.84508034,2010.4687951600001,1846.38823078,183.37628517999997
Uzhhorod,2024-01-31,162.07016769,97.61239862000001,139.26466769,64.45776907
Uzhhorod,2024-02-29,340.06995034000005,223.41618064000002,294.34937734000005,116.65376970000003
Uzhhorod,2024-03-31,496.03476667,376.93111225,425.89569367,119.10365442
Uzhhorod,2024-04-30,687.37921576,519.3692509800001,584.64353476,168.0099647799999
Uzhhorod,2024-05-31,885.36291164,704.30426387,754.6350006399999,181.05864777
Uzhhorod,2024-06-30,1102.3480343899998,917.1900110299999,911.4347653899999,185.1580233599999
Uzhhorod,2024-07-31,1299.1182169,1048.2975562000001,1081.16032719,250.82066069999996
Vinnitsia,2021-01-31,294.20476938,246.78160236000002,247.29766738,47.423167019999994
Vinnitsia,2021-02-28,662.1464135,543.6399016,560.6464025,118.50651189999996
Vinnitsia,2021-03-31,1004.7236259700001,840.54885611,844.4890116,164.17476986000008
Vinnitsia,2021-04-30,1377.8488708599998,1144.72656425,1159.81688974,233.1223066099999
Vinnitsia,2021-05-31,1772.65359642,1501.89405297,1472.93530205,270.7595434499999
Vinnitsia,2021-06-30,2219.5678265,1936.65538697,1774.51530573,282.91243953000003
Vinnitsia,2021-07-31,2575.49683662,2155.3719394299997,2101.54068285,420.1248971900004
Vinnitsia,2021-08-31,2944.9080073699997,2404.8026252600002,2416.98670945,540.1053821099995
Vinnitsia,2021-09-30,3340.69649308,2704.40374653,2717.5442515199998,636.2927465500002
Vinnitsia,2021-10-31,3789.06054272,3016.77702375,3100.1108535299995,772.2835189699999
Vinnitsia,2021-11-30,4236.35935694,3359.5777767000004,3465.79574267,876.7815802399996
Vinnitsia,2021-12-31,4810.43563047,3854.43380593,3868.89099165,956.0018245400006
Vinnitsia,2022-01-31,380.39725389999995,315.92490437,310.7190219,64.47234952999997
Vinnitsia,2022-02-28,841.32746137,699.87783047,701.75425862,141.4496309
Vinnitsia,2022-03-31,1220.3178606200001,1045.8146441000001,1010.9163982599999,174.50321652000002
Vinnitsia,2022-04-30,1619.6680478800001,1316.2167086599998,1339.60523568,303.45133922000036
Vinnitsia,2022-05-31,2101.3200529,1608.916205,1733.43921583,492.4038479000001
Vinnitsia,2022-06-30,2662.14804996,1951.87890281,2153.9418187600004,710.2691471500002
Vinnitsia,2022-07-31,3118.2037839600002,2273.6120806,2576.07060896,844.5917033600003
Vinnitsia,2022-08-31,3552.4758504,2518.08999686,2977.93324666,1034.38585354
Vinnitsia,2022-09-30,4052.58014267,2821.72310067,3417.31682428,1230.857042
Vinnitsia,2022-10-31,4578.876586689999,3132.6320525300002,3882.18309354,1446.2445341599991
Vinnitsia,2022-11-30,5097.599447359999,3468.2649120100004,4332.83781913,1629.334535349999
Vinnitsia,2022-12-31,5683.197013940001,3907.9636771799996,4829.539951850001,1775.2333367600013
Vinnitsia,2023-01-31,484.47391623000004,271.28562275,424.78646623000003,213.18829348000003
Vinnitsia,2023-02-28,989.81060458,602.53446938,870.2390176399999,387.2761352
Vinnitsia,2023-03-31,1450.6654288799998,944.6753654400001,1266.19197822,505.99006343999974
Vinnitsia,2023-04-30,2012.58011067,1313.6549731700002,1732.75486993,698.9251374999999
Vinnitsia,2023-05-31,2553.7423174200003,1735.0610666700002,2196.2411525099997,818.6812507500001
Vinnitsia,2023-06-30,3181.4377564300003,2282.41487017,2666.0291227800003,899.0228862600002
Vinnitsia,2023-07-31,3759.6201750299997,2599.76450005,3151.3480216999997,1159.8556749799995
Vinnitsia,2023-08-31,4258.66718425,2907.45256354,3619.41938992,1351.21462071
Vinnitsia,2023-09-30,4772.85163241,3315.67040579,4067.35728902,1457.18122662
Vinnitsia,2023-10-31,5384.69834234,3760.0893072800004,4588.41391865,1624.6090350599993
Vinnitsia,2023-11-30,5816.62050863,4232.0664445,4957.7935929,1584.5540641299995
Vinnitsia,2023-12-31,6352.58457168,4806.9380174200005,5397.51642103,1545.64655426
Vinnitsia,2024-01-31,502.22798258999995,373.89741558,436.71852058999997,128.33056700999998
Vinnitsia,2024-02-29,1048.3948305600002,852.67655102,906.4300819800001,195.71827954000014
Vinnitsia,2024-03-31,1513.6203120599998,1311.10555732,1300.8288595699998,202.51475473999994
Vinnitsia,2024-04-30,2096.60122251,1749.96335716,1802.64889345,346.63786534999986
Vinnitsia,2024-05-31,2683.10779508,2266.1201976999996,2309.60316802,416.98759738000035
Vinnitsia,2024-06-30,3306.22350571,2817.5183193800003,2743.1516825999997,488.70518632999983
Vinnitsia,2024-07-31,3991.61672547,3130.83830631,3297.30951775,860.7784191599999
Zhytomyr,2021-01-31,190.10516648,96.79675074000001,151.76644248000002,93.30841574
Zhytomyr,2021-02-28,434.68793676999996,310.73473794,351.34491877,123.95319882999996
Zhytomyr,2021-03-31,665.89864875,531.4352775899999,535.47822775,134.46337116000007
Zhytomyr,2021-04-30,921.8120839300001,781.0847505799999,740.8008129300001,140.7273333500002
Zhytomyr,2021-05-31,1183.67524952,1003.62585819,940.9231465199999,180.04939133000005
Zhytomyr,2021-06-30,1516.07996296,1303.5437835,1149.41098996,212.53617946000008
Zhytomyr,2021-07-31,1756.58527508,1520.14987284,1360.6588190799998,236.43540224000003
Zhytomyr,2021-08-31,2002.0817296500002,1697.17681317,1567.71947365,304.9049164800001
Zhytomyr,2021-09-30,2256.9372916999996,1927.10437021,1759.8150027000002,329.83292148999953
Zhytomyr,2021-10-31,2576.18648511,2145.0251976199997,2021.0849621099999,431.1612874900002
Zhytomyr,2021-11-30,2869.81140919,2392.59619725,2250.9348431900003,477.21521194000024
Zhytomyr,2021-12-31,3248.46847291,2813.27785044,2520.64694517,435.1906224700001
Zhytomyr,2022-01-31,234.20305193000002,109.82905435,185.13555693,124.37399758000001
Zhytomyr,2022-02-28,542.46445021,449.79712984,442.99045121,92.66732036999997
Zhytomyr,2022-03-31,773.57259821,602.72924053,625.13860121,170.84335768000005
Zhytomyr,2022-04-30,1041.20586397,766.3573735,843.52937697,274.8484904700001
Zhytomyr,2022-05-31,1400.50530501,926.39122888,1139.95460601,474.11407613000006
Zhytomyr,2022-06-30,1769.52653944,1158.5249681899998,1408.1242644400002,611.0015712500003
Zhytomyr,2022-07-31,2094.84413233,1361.95924293,1711.65495416,732.8848893999998
Zhytomyr,2022-08-31,2467.89007714,1541.12527971,2063.7918012200003,926.7647974299998
Zhytomyr,2022-09-30,2851.2363534,1781.54005518,2402.76534148,1069.69629822
Zhytomyr,2022-10-31,3259.40762543,2033.9267776400002,2768.38733206,1225.4808477899996
Zhytomyr,2022-11-30,3724.5230779700005,2241.6090688000004,3190.0602279900004,1482.91400917
Zhytomyr,2022-12-31,4284.2727021,2717.8558055299995,3698.17826124,1566.4168965700005
Zhytomyr,2023-01-31,414.30580813,129.5701706,372.72760513,284.73563752999996
Zhytomyr,2023-02-28,798.88049571,420.42062877999996,714.8252617100001,378.45986693000003
Zhytomyr,2023-03-31,1157.54670203,751.21258098,1031.2166450299999,406.33412105
Zhytomyr,2023-04-30,1560.3908728699998,1022.64199164,1391.9790208699999,537.7488812299998
Zhytomyr,2023-05-31,2032.5994224600001,1307.7168569,1805.86574546,724.8825655600001
Zhytomyr,2023-06-30,2543.3520335999997,1713.7379849400002,2191.82830089,829.6140486599995
Zhytomyr,2023-07-31,2987.3874145500004,1973.13733732,2596.6198324899997,1014.2500772300004
Zhytomyr,2023-08-31,3431.17265223,2229.04130679,2992.59672406,1202.1313454400001
Zhytomyr,2023-09-30,3868.82294769,2579.16353,3371.83045155,1289.6594176900003
Zhytomyr,2023-10-31,4317.108039729999,2865.33304792,3767.6604508399996,1451.7749918099994
Zhytomyr,2023-11-30,4514.2118271300005,3271.47625619,3909.63646876,1242.7355709400003
Zhytomyr,2023-12-31,4894.429317730001,3733.55766902,4201.8319284,1160.8716487100005
Zhytomyr,2024-01-31,304.40006077,156.07189964,258.66713877,148.32816112999998
Zhytomyr,2024-02-29,621.9747679400001,426.96505928,530.51328494,195.00970866000011
Zhytomyr,2024-03-31,920.11572976,736.45869995,779.53217676,183.65702981000004
Zhytomyr,2024-04-30,1274.398994,1044.35851752,1064.63594011,230.04047647999982
Zhytomyr,2024-05-31,1641.51778565,1356.31069524,1371.29454004,285.20709040999986
Zhytomyr,2024-06-30,2035.4488698399998,1844.9706976000002,1634.66291158,190.4781722399996
Zhytomyr,2024-07-31,2415.32869271,2094.48186901,1933.77627376,320.84682369999973
